1001,ח_עצמאי_משמרת_מאיר
1002,ח_עצמאי_משמרת_מאיר
1003,ח_עצמאי_משמרת_מאיר
1004,ח_עצמאי_משמרת_מאיר
1005,ח_עצמאי_משמרת_מאיר
1006,ח_עצמאי_משמרת_מאיר
1007,ח_עצמאי_משמרת_מאיר
1008,ח_עצמאי_משמרת_מאיר
1009,ח_עצמאי_משמרת_מאיר
1010,ח_עצמאי_משמרת_מאיר
1011,ח_עצמאי_משמרת_מאיר
1012,ח_עצמאי_משמרת_מאיר
1013,ח_עצמאי_משמרת_מאיר
1014,ח_עצמאי_משמרת_מאיר
1015,ח_עצמאי_משמרת_מאיר
1016,ח_עצמאי_משמרת_מאיר
1017,ח_עצמאי_משמרת_מאיר
1018,ח_עצמאי_משמרת_מאיר
1019,ח_עצמאי_משמרת_מאיר
1020,ח_עצמאי_משמרת_מאיר
1021,ח_עצמאי_משמרת_מאיר
1022,ח_עצמאי_משמרת_מאיר
1023,ח_עצמאי_משמרת_מאיר
1024,ח_עצמאי_משמרת_מאיר
1025,ח_עצמאי_משמרת_מאיר
1026,ח_עצמאי_משמרת_מאיר
1027,ח_עצמאי_משמרת_מאיר
1028,ח_עצמאי_משמרת_מאיר
1029,ח_עצמאי_משמרת_מאיר
1030,ח_עצמאי_משמרת_מאיר
1031,ח_עצמאי_משמרת_מאיר
1032,ח_עצמאי_משמרת_מאיר
1033,ח_עצמאי_משמרת_מאיר
1034,ח_עצמאי_משמרת_מאיר
1035,ח_עצמאי_משמרת_מאיר
1036,ח_עצמאי_משמרת_מאיר
1037,ח_עצמאי_משמרת_מאיר
1038,ח_עצמאי_משמרת_מאיר
1039,ח_עצמאי_משמרת_מאיר
1040,ח_עצמאי_משמרת_מאיר
1041,ח_עצמאי_משמרת_מאיר
1042,ח_עצמאי_משמרת_מאיר
1043,ח_עצמאי_משמרת_מאיר
1044,ח_עצמאי_משמרת_מאיר
1045,ח_עצמאי_משמרת_מאיר
1046,ח_עצמאי_משמרת_מאיר
1047,ח_עצמאי_משמרת_מאיר
1048,ח_עצמאי_משמרת_מאיר
1049,ח_עצמאי_משמרת_מאיר
1050,ח_עצמאי_משמרת_מאיר
1051,ח_עצמאי_משמרת_מאיר
1052,ח_עצמאי_משמרת_מאיר
1053,ח_עצמאי_משמרת_מאיר
1054,ח_עצמאי_משמרת_מאיר
1055,ח_עצמאי_משמרת_מאיר
1056,ח_עצמאי_משמרת_מאיר
1057,ח_עצמאי_משמרת_מאיר
1058,ח_עצמאי_משמרת_מאיר
1059,ח_עצמאי_משמרת_מאיר
1060,ח_עצמאי_משמרת_מאיר
1061,ח_עצמאי_משמרת_מאיר
1062,ח_עצמאי_משמרת_מאיר
1063,ח_עצמאי_משמרת_מאיר
1064,ח_עצמאי_משמרת_מאיר
1065,ח_עצמאי_משמרת_מאיר
1066,ח_עצמאי_משמרת_מאיר
1067,ח_עצמאי_משמרת_מאיר
1068,ח_עצמאי_משמרת_מאיר
1069,ח_עצמאי_משמרת_מאיר
1070,ח_עצמאי_משמרת_מאיר
1071,ח_עצמאי_משמרת_מאיר
1072,ח_עצמאי_משמרת_מאיר
1073,ח_עצמאי_משמרת_מאיר
1074,ח_עצמאי_משמרת_מאיר
1075,ח_עצמאי_משמרת_מאיר
1076,ח_עצמאי_משמרת_מאיר
1077,ח_עצמאי_משמרת_מאיר
1078,ח_עצמאי_משמרת_מאיר
1079,ח_עצמאי_משמרת_מאיר
1080,ח_עצמאי_משמרת_מאיר
1081,ח_עצמאי_משמרת_מאיר
1082,ח_עצמאי_משמרת_מאיר
1083,ח_עצמאי_משמרת_מאיר
1084,ח_עצמאי_משמרת_מאיר
1085,ח_עצמאי_משמרת_מאיר
1086,ח_עצמאי_משמרת_מאיר
1087,ח_עצמאי_משמרת_מאיר
1088,ח_עצמאי_משמרת_מאיר
1089,ח_עצמאי_משמרת_מאיר
1090,ח_עצמאי_משמרת_מאיר
1091,ח_עצמאי_משמרת_מאיר
1092,ח_עצמאי_משמרת_מאיר
1093,ח_עצמאי_משמרת_מאיר
1094,ח_עצמאי_משמרת_מאיר
1095,ח_עצמאי_משמרת_מאיר
1096,ח_עצמאי_משמרת_מאיר
1097,ח_עצמאי_משמרת_מאיר
1098,ח_עצמאי_משמרת_מאיר
1099,ח_עצמאי_משמרת_מאיר
1100,ח_עצמאי_משמרת_מאיר
1101,ח_עצמאי_משמרת_מאיר
1102,ח_עצמאי_משמרת_מאיר
1103,ח_עצמאי_משמרת_מאיר
1104,ח_עצמאי_משמרת_מאיר
1105,ח_עצמאי_משמרת_מאיר
1106,ח_עצמאי_משמרת_מאיר
1107,ח_עצמאי_משמרת_מאיר
1108,ח_עצמאי_משמרת_מאיר
1109,ח_עצמאי_משמרת_מאיר
1110,ח_עצמאי_משמרת_מאיר
1111,ח_עצמאי_משמרת_מאיר
1112,ח_עצמאי_משמרת_מאיר
1113,ח_עצמאי_משמרת_מאיר
1114,ח_עצמאי_משמרת_מאיר
1115,ח_עצמאי_משמרת_מאיר
1116,ח_עצמאי_משמרת_מאיר
1117,ח_עצמאי_משמרת_מאיר
1118,ח_עצמאי_משמרת_מאיר
1119,ח_עצמאי_משמרת_מאיר
1120,ח_עצמאי_משמרת_מאיר
1121,ח_עצמאי_משמרת_מאיר
1122,ח_עצמאי_משמרת_מאיר
1123,ח_עצמאי_משמרת_מאיר
1124,ח_עצמאי_משמרת_מאיר
1125,ח_עצמאי_משמרת_מאיר
1126,ח_עצמאי_משמרת_מאיר
1127,ח_עצמאי_משמרת_מאיר
1128,ח_עצמאי_משמרת_מאיר
1129,ח_עצמאי_משמרת_מאיר
1130,ח_עצמאי_משמרת_מאיר
1131,ח_עצמאי_משמרת_מאיר
1132,ח_עצמאי_משמרת_מאיר
1133,ח_עצמאי_משמרת_מאיר
1134,ח_עצמאי_משמרת_מאיר
1135,ח_עצמאי_משמרת_מאיר
1136,ח_עצמאי_משמרת_מאיר
1137,ח_עצמאי_משמרת_מאיר
1138,ח_עצמאי_משמרת_מאיר
1139,ח_עצמאי_משמרת_מאיר
1140,ח_עצמאי_משמרת_מאיר
1141,ח_עצמאי_משמרת_מאיר
1142,ח_עצמאי_משמרת_מאיר
1143,ח_עצמאי_משמרת_מאיר
1144,ח_עצמאי_משמרת_מאיר
1145,ח_עצמאי_משמרת_מאיר
1146,ח_עצמאי_משמרת_מאיר
1147,ח_עצמאי_משמרת_מאיר
1148,ח_עצמאי_משמרת_מאיר
1149,ח_עצמאי_משמרת_מאיר
1150,ח_עצמאי_משמרת_מאיר
1151,ח_עצמאי_משמרת_מאיר
1152,ח_עצמאי_משמרת_מאיר
1153,ח_עצמאי_משמרת_מאיר
1154,ח_עצמאי_משמרת_מאיר
1155,ח_עצמאי_משמרת_מאיר
1156,ח_עצמאי_משמרת_מאיר
1157,ח_עצמאי_משמרת_מאיר
1158,ח_עצמאי_משמרת_מאיר
1159,ח_עצמאי_משמרת_מאיר
1160,ח_עצמאי_משמרת_מאיר
1161,ח_עצמאי_משמרת_מאיר
1162,ח_עצמאי_משמרת_מאיר
1163,ח_עצמאי_משמרת_מאיר
1164,ח_עצמאי_משמרת_מאיר
1165,ח_עצמאי_משמרת_מאיר
1166,ח_עצמאי_משמרת_מאיר
1167,ח_עצמאי_משמרת_מאיר
1168,ח_עצמאי_משמרת_מאיר
1169,ח_עצמאי_משמרת_מאיר
1170,ח_עצמאי_משמרת_מאיר
1171,ח_עצמאי_משמרת_מאיר
1172,ח_עצמאי_משמרת_מאיר
1173,ח_עצמאי_משמרת_מאיר
1174,ח_עצמאי_משמרת_מאיר
1175,ח_עצמאי_משמרת_מאיר
1176,ח_עצמאי_משמרת_מאיר
1177,ח_עצמאי_משמרת_מאיר
1178,ח_עצמאי_משמרת_מאיר
1179,ח_עצמאי_משמרת_מאיר
1180,ח_עצמאי_משמרת_מאיר
1181,ח_עצמאי_משמרת_מאיר
1182,ח_עצמאי_משמרת_מאיר
1183,ח_עצמאי_משמרת_מאיר
1184,ח_עצמאי_משמרת_מאיר
1185,ח_עצמאי_משמרת_מאיר
1186,ח_עצמאי_משמרת_מאיר
1187,ח_עצמאי_משמרת_מאיר
1188,ח_עצמאי_משמרת_מאיר
1189,ח_עצמאי_משמרת_מאיר
1190,ח_עצמאי_משמרת_מאיר
1191,ח_עצמאי_משמרת_מאיר
1192,ח_עצמאי_משמרת_מאיר
1193,ח_עצמאי_משמרת_מאיר
1194,ח_עצמאי_משמרת_מאיר
1195,ח_עצמאי_משמרת_מאיר
1196,ח_עצמאי_משמרת_מאיר
1197,ח_עצמאי_משמרת_מאיר
1198,ח_עצמאי_משמרת_מאיר
1199,ח_עצמאי_משמרת_מאיר
1200,ח_עצמאי_משמרת_מאיר
1201,ח_עצמאי_משמרת_מאיר
1202,ח_עצמאי_משמרת_מאיר
1203,ח_עצמאי_משמרת_מאיר
1204,ח_עצמאי_משמרת_מאיר
1205,ח_עצמאי_משמרת_מאיר
1206,ח_עצמאי_משמרת_מאיר
1207,ח_עצמאי_משמרת_מאיר
1208,ח_עצמאי_משמרת_מאיר
1209,ח_עצמאי_משמרת_מאיר
1210,ח_עצמאי_משמרת_מאיר
1211,ח_עצמאי_משמרת_מאיר
1212,ח_עצמאי_משמרת_מאיר
1213,ח_עצמאי_משמרת_מאיר
1214,ח_עצמאי_משמרת_מאיר
1215,ח_עצמאי_משמרת_מאיר
1216,ח_עצמאי_משמרת_מאיר
1217,ח_עצמאי_משמרת_מאיר
1218,ח_עצמאי_משמרת_מאיר
1219,ח_עצמאי_משמרת_מאיר
1220,ח_עצמאי_משמרת_מאיר
1221,ח_עצמאי_משמרת_מאיר
1222,ח_עצמאי_משמרת_מאיר
1223,ח_עצמאי_משמרת_מאיר
1224,ח_עצמאי_משמרת_מאיר
1225,ח_עצמאי_משמרת_מאיר
1226,ח_עצמאי_משמרת_מאיר
1227,ח_עצמאי_משמרת_מאיר
1228,ח_עצמאי_משמרת_מאיר
1229,ח_עצמאי_משמרת_מאיר
1230,ח_עצמאי_משמרת_מאיר
1231,ח_עצמאי_משמרת_מאיר
1232,ח_עצמאי_משמרת_מאיר
1233,ח_עצמאי_משמרת_מאיר
1234,ח_עצמאי_משמרת_מאיר
1235,ח_עצמאי_משמרת_מאיר
1236,ח_עצמאי_משמרת_מאיר
1237,ח_עצמאי_משמרת_מאיר
1238,ח_עצמאי_משמרת_מאיר
1239,ח_עצמאי_משמרת_מאיר
1240,ח_עצמאי_משמרת_מאיר
1241,ח_עצמאי_משמרת_מאיר
1242,ח_עצמאי_משמרת_מאיר
1243,ח_עצמאי_משמרת_מאיר
1244,ח_עצמאי_משמרת_מאיר
1245,ח_עצמאי_משמרת_מאיר
1246,ח_עצמאי_משמרת_מאיר
1247,ח_עצמאי_משמרת_מאיר
1248,ח_עצמאי_משמרת_מאיר
1249,ח_עצמאי_משמרת_מאיר
1250,ח_עצמאי_משמרת_מאיר
1251,ח_עצמאי_משמרת_מאיר
1252,ח_עצמאי_משמרת_מאיר
1253,ח_עצמאי_משמרת_מאיר
1254,ח_עצמאי_משמרת_מאיר
1255,ח_עצמאי_משמרת_מאיר
1256,ח_עצמאי_משמרת_מאיר
1257,ח_עצמאי_משמרת_מאיר
1258,ח_עצמאי_משמרת_מאיר
1259,ח_עצמאי_משמרת_מאיר
1260,ח_עצמאי_משמרת_מאיר
1261,ח_עצמאי_משמרת_מאיר
1262,ח_עצמאי_משמרת_מאיר
1263,ח_עצמאי_משמרת_מאיר
1264,ח_עצמאי_משמרת_מאיר
1265,ח_עצמאי_משמרת_מאיר
1266,ח_עצמאי_משמרת_מאיר
1267,ח_עצמאי_משמרת_מאיר
1268,ח_עצמאי_משמרת_מאיר
1269,ח_עצמאי_משמרת_מאיר
1270,ח_עצמאי_משמרת_מאיר
1271,ח_עצמאי_משמרת_מאיר
1272,ח_עצמאי_משמרת_מאיר
1273,ח_עצמאי_משמרת_מאיר
1274,ח_עצמאי_משמרת_מאיר
1275,ח_עצמאי_משמרת_מאיר
1276,ח_עצמאי_משמרת_מאיר
1277,ח_עצמאי_משמרת_מאיר
1278,ח_עצמאי_משמרת_מאיר
1279,ח_עצמאי_משמרת_מאיר
1280,ח_עצמאי_משמרת_מאיר
1281,ח_עצמאי_משמרת_מאיר
1282,ח_עצמאי_משמרת_מאיר
1283,ח_עצמאי_משמרת_מאיר
1284,ח_עצמאי_משמרת_מאיר
1285,ח_עצמאי_משמרת_מאיר
1286,ח_עצמאי_משמרת_מאיר
1287,ח_עצמאי_משמרת_מאיר
1288,ח_עצמאי_משמרת_מאיר
1289,ח_עצמאי_משמרת_מאיר
1290,ח_עצמאי_משמרת_מאיר
1291,ח_עצמאי_משמרת_מאיר
1292,ח_עצמאי_משמרת_מאיר
1293,ח_עצמאי_משמרת_מאיר
1294,ח_עצמאי_משמרת_מאיר
1295,ח_עצמאי_משמרת_מאיר
1296,ח_עצמאי_משמרת_מאיר
1297,ח_עצמאי_משמרת_מאיר
1298,ח_עצמאי_משמרת_מאיר
1299,ח_עצמאי_משמרת_מאיר
1300,ח_עצמאי_משמרת_מאיר
1301,ח_עצמאי_משמרת_מאיר
1302,ח_עצמאי_משמרת_מאיר
1303,ח_עצמאי_משמרת_מאיר
1304,ח_עצמאי_משמרת_מאיר
1305,ח_עצמאי_משמרת_מאיר
1306,ח_עצמאי_משמרת_מאיר
1307,ח_עצמאי_משמרת_מאיר
1308,ח_עצמאי_משמרת_מאיר
1309,ח_עצמאי_משמרת_מאיר
1310,ח_עצמאי_משמרת_מאיר
1311,ח_עצמאי_משמרת_מאיר
1312,ח_עצמאי_משמרת_מאיר
1313,ח_עצמאי_משמרת_מאיר
1314,ח_עצמאי_משמרת_מאיר
1315,ח_עצמאי_משמרת_מאיר
1316,ח_עצמאי_משמרת_מאיר
1317,ח_עצמאי_משמרת_מאיר
1318,ח_עצמאי_משמרת_מאיר
1319,ח_עצמאי_משמרת_מאיר
1320,ח_עצמאי_משמרת_מאיר
1321,ח_עצמאי_משמרת_מאיר
1322,ח_עצמאי_משמרת_מאיר
1323,ח_עצמאי_משמרת_מאיר
1324,ח_עצמאי_משמרת_מאיר
1325,ח_עצמאי_משמרת_מאיר
1326,ח_עצמאי_משמרת_מאיר
1327,ח_עצמאי_משמרת_מאיר
1328,ח_עצמאי_משמרת_מאיר
1329,ח_עצמאי_משמרת_מאיר
1330,ח_עצמאי_משמרת_מאיר
1331,ח_עצמאי_משמרת_מאיר
1332,ח_עצמאי_משמרת_מאיר
1333,ח_עצמאי_משמרת_מאיר
1334,ח_עצמאי_משמרת_מאיר
1335,ח_עצמאי_משמרת_מאיר
1336,ח_עצמאי_משמרת_מאיר
1337,ח_עצמאי_משמרת_מאיר
1338,ח_עצמאי_משמרת_מאיר
1339,ח_עצמאי_משמרת_מאיר
1340,ח_עצמאי_משמרת_מאיר
1341,ח_עצמאי_משמרת_מאיר
1342,ח_עצמאי_משמרת_מאיר
1343,ח_עצמאי_משמרת_מאיר
1344,ח_עצמאי_משמרת_מאיר
1345,ח_עצמאי_משמרת_מאיר
1346,ח_עצמאי_משמרת_מאיר
1347,ח_עצמאי_משמרת_מאיר
1348,ח_עצמאי_משמרת_מאיר
1349,ח_עצמאי_משמרת_מאיר
1350,ח_עצמאי_משמרת_מאיר
1351,ח_עצמאי_משמרת_מאיר
1352,ח_עצמאי_משמרת_מאיר
1353,ח_עצמאי_משמרת_מאיר
1354,ח_עצמאי_משמרת_מאיר
1355,ח_עצמאי_משמרת_מאיר
1356,ח_עצמאי_משמרת_מאיר
1357,ח_עצמאי_משמרת_מאיר
1358,ח_עצמאי_משמרת_מאיר
1359,ח_עצמאי_משמרת_מאיר
1360,ח_עצמאי_משמרת_מאיר
1361,ח_עצמאי_משמרת_מאיר
1362,ח_עצמאי_משמרת_מאיר
1363,ח_עצמאי_משמרת_מאיר
1364,ח_עצמאי_משמרת_מאיר
1365,ח_עצמאי_משמרת_מאיר
1366,ח_עצמאי_משמרת_מאיר
1367,ח_עצמאי_משמרת_מאיר
1368,ח_עצמאי_משמרת_מאיר
1369,ח_עצמאי_משמרת_מאיר
1370,ח_עצמאי_משמרת_מאיר
1371,ח_עצמאי_משמרת_מאיר
1372,ח_עצמאי_משמרת_מאיר
1373,ח_עצמאי_משמרת_מאיר
1374,ח_עצמאי_משמרת_מאיר
1375,ח_עצמאי_משמרת_מאיר
1376,ח_עצמאי_משמרת_מאיר
1377,ח_עצמאי_משמרת_מאיר
1378,ח_עצמאי_משמרת_מאיר
1379,ח_עצמאי_משמרת_מאיר
1380,ח_עצמאי_משמרת_מאיר
1381,ח_עצמאי_משמרת_מאיר
1382,ח_עצמאי_משמרת_מאיר
1383,ח_עצמאי_משמרת_מאיר
1384,ח_עצמאי_משמרת_מאיר
1385,ח_עצמאי_משמרת_מאיר
1386,ח_עצמאי_משמרת_מאיר
1387,ח_עצמאי_משמרת_מאיר
1388,ח_עצמאי_משמרת_מאיר
1389,ח_עצמאי_משמרת_מאיר
1390,ח_עצמאי_משמרת_מאיר
1391,ח_עצמאי_משמרת_מאיר
1392,ח_עצמאי_משמרת_מאיר
1393,ח_עצמאי_משמרת_מאיר
1394,ח_עצמאי_משמרת_מאיר
1395,ח_עצמאי_משמרת_מאיר
1396,ח_עצמאי_משמרת_מאיר
1397,ח_עצמאי_משמרת_מאיר
1398,ח_עצמאי_משמרת_מאיר
1399,ח_עצמאי_משמרת_מאיר
1400,ח_עצמאי_משמרת_מאיר
1401,ח_עצמאי_משמרת_מאיר
1402,ח_עצמאי_משמרת_מאיר
1403,ח_עצמאי_משמרת_מאיר
1404,ח_עצמאי_משמרת_מאיר
1405,ח_עצמאי_משמרת_מאיר
1406,ח_עצמאי_משמרת_מאיר
1407,ח_עצמאי_משמרת_מאיר
1408,ח_עצמאי_משמרת_מאיר
1409,ח_עצמאי_משמרת_מאיר
1410,ח_עצמאי_משמרת_מאיר
1411,ח_עצמאי_משמרת_מאיר
1412,ח_עצמאי_משמרת_מאיר
1413,ח_עצמאי_משמרת_מאיר
1414,ח_עצמאי_משמרת_מאיר
1415,ח_עצמאי_משמרת_מאיר
1416,ח_עצמאי_משמרת_מאיר
1417,ח_עצמאי_משמרת_מאיר
1418,ח_עצמאי_משמרת_מאיר
1419,ח_עצמאי_משמרת_מאיר
1420,ח_עצמאי_משמרת_מאיר
1421,ח_עצמאי_משמרת_מאיר
1422,ח_עצמאי_משמרת_מאיר
1423,ח_עצמאי_משמרת_מאיר
1424,ח_עצמאי_משמרת_מאיר
1425,ח_עצמאי_משמרת_מאיר
1426,ח_עצמאי_משמרת_מאיר
1427,ח_עצמאי_משמרת_מאיר
1428,ח_עצמאי_משמרת_מאיר
1429,ח_עצמאי_משמרת_מאיר
1430,ח_עצמאי_משמרת_מאיר
1431,ח_עצמאי_משמרת_מאיר
1432,ח_עצמאי_משמרת_מאיר
1433,ח_עצמאי_משמרת_מאיר
1434,ח_עצמאי_משמרת_מאיר
1435,ח_עצמאי_משמרת_מאיר
1436,ח_עצמאי_משמרת_מאיר
1437,ח_עצמאי_משמרת_מאיר
1438,ח_עצמאי_משמרת_מאיר
1439,ח_עצמאי_משמרת_מאיר
1440,ח_עצמאי_משמרת_מאיר
1441,ח_עצמאי_משמרת_מאיר
1442,ח_עצמאי_משמרת_מאיר
1443,ח_עצמאי_משמרת_מאיר
1444,ח_עצמאי_משמרת_מאיר
1445,ח_עצמאי_משמרת_מאיר
1446,ח_עצמאי_משמרת_מאיר
1447,ח_עצמאי_משמרת_מאיר
1448,ח_עצמאי_משמרת_מאיר
1449,ח_עצמאי_משמרת_מאיר
1450,ח_עצמאי_משמרת_מאיר
1451,ח_עצמאי_משמרת_מאיר
1452,ח_עצמאי_משמרת_מאיר
1453,ח_עצמאי_משמרת_מאיר
1454,ח_עצמאי_משמרת_מאיר
1455,ח_עצמאי_משמרת_מאיר
1456,ח_עצמאי_משמרת_מאיר
1457,ח_עצמאי_משמרת_מאיר
1458,ח_עצמאי_משמרת_מאיר
1459,ח_עצמאי_משמרת_מאיר
1460,ח_עצמאי_משמרת_מאיר
1461,ח_עצמאי_משמרת_מאיר
1462,ח_עצמאי_משמרת_מאיר
1463,ח_עצמאי_משמרת_מאיר
1464,ח_עצמאי_משמרת_מאיר
1465,ח_עצמאי_משמרת_מאיר
1466,ח_עצמאי_משמרת_מאיר
1467,ח_עצמאי_משמרת_מאיר
1468,ח_עצמאי_משמרת_מאיר
1469,ח_עצמאי_משמרת_מאיר
1470,ח_עצמאי_משמרת_מאיר
1471,ח_עצמאי_משמרת_מאיר
1472,ח_עצמאי_משמרת_מאיר
1473,ח_עצמאי_משמרת_מאיר
1474,ח_עצמאי_משמרת_מאיר
1475,ח_עצמאי_משמרת_מאיר
1476,ח_עצמאי_משמרת_מאיר
1477,ח_עצמאי_משמרת_מאיר
1478,ח_עצמאי_משמרת_מאיר
1479,ח_עצמאי_משמרת_מאיר
1480,ח_עצמאי_משמרת_מאיר
1481,ח_עצמאי_משמרת_מאיר
1482,ח_עצמאי_משמרת_מאיר
1483,ח_עצמאי_משמרת_מאיר
1484,ח_עצמאי_משמרת_מאיר
1485,ח_עצמאי_משמרת_מאיר
1486,ח_עצמאי_משמרת_מאיר
1487,ח_עצמאי_משמרת_מאיר
1488,ח_עצמאי_משמרת_מאיר
1489,ח_עצמאי_משמרת_מאיר
1490,ח_עצמאי_משמרת_מאיר
1491,ח_עצמאי_משמרת_מאיר
1492,ח_עצמאי_משמרת_מאיר
1493,ח_עצמאי_משמרת_מאיר
1494,ח_עצמאי_משמרת_מאיר
1495,ח_עצמאי_משמרת_מאיר
1496,ח_עצמאי_משמרת_מאיר
1497,ח_עצמאי_משמרת_מאיר
1498,ח_עצמאי_משמרת_מאיר
1499,ח_עצמאי_משמרת_מאיר
1500,ח_עצמאי_משמרת_מאיר
1501,ח_עצמאי_משמרת_מאיר
1502,ח_עצמאי_משמרת_מאיר
1503,ח_עצמאי_משמרת_מאיר
1504,ח_עצמאי_משמרת_מאיר
1505,ח_עצמאי_משמרת_מאיר
1506,ח_עצמאי_משמרת_מאיר
1507,ח_עצמאי_משמרת_מאיר
1508,ח_עצמאי_משמרת_מאיר
1509,ח_עצמאי_משמרת_מאיר
1510,ח_עצמאי_משמרת_מאיר
1511,ח_עצמאי_משמרת_מאיר
1512,ח_עצמאי_משמרת_מאיר
1513,ח_עצמאי_משמרת_מאיר
1514,ח_עצמאי_משמרת_מאיר
1515,ח_עצמאי_משמרת_מאיר
1516,ח_עצמאי_משמרת_מאיר
1517,ח_עצמאי_משמרת_מאיר
1518,ח_עצמאי_משמרת_מאיר
1519,ח_עצמאי_משמרת_מאיר
1520,ח_עצמאי_משמרת_מאיר
1521,ח_עצמאי_משמרת_מאיר
1522,ח_עצמאי_משמרת_מאיר
1523,ח_עצמאי_משמרת_מאיר
1524,ח_עצמאי_משמרת_מאיר
1525,ח_עצמאי_משמרת_מאיר
1526,ח_עצמאי_משמרת_מאיר
1527,ח_עצמאי_משמרת_מאיר
1528,ח_עצמאי_משמרת_מאיר
1529,ח_עצמאי_משמרת_מאיר
1530,ח_עצמאי_משמרת_מאיר
1531,ח_עצמאי_משמרת_מאיר
1532,ח_עצמאי_משמרת_מאיר
1533,ח_עצמאי_משמרת_מאיר
1534,ח_עצמאי_משמרת_מאיר
1535,ח_עצמאי_משמרת_מאיר
1536,ח_עצמאי_משמרת_מאיר
1537,ח_עצמאי_משמרת_מאיר
1538,ח_עצמאי_משמרת_מאיר
1539,ח_עצמאי_משמרת_מאיר
1540,ח_עצמאי_משמרת_מאיר
1541,ח_עצמאי_משמרת_מאיר
1542,ח_עצמאי_משמרת_מאיר
1543,ח_עצמאי_משמרת_מאיר
1544,ח_עצמאי_משמרת_מאיר
1545,ח_עצמאי_משמרת_מאיר
1546,ח_עצמאי_משמרת_מאיר
1547,ח_עצמאי_משמרת_מאיר
1548,ח_עצמאי_משמרת_מאיר
1549,ח_עצמאי_משמרת_מאיר
1550,ח_עצמאי_משמרת_מאיר
1551,ח_עצמאי_משמרת_מאיר
1552,ח_עצמאי_משמרת_מאיר
1553,ח_עצמאי_משמרת_מאיר
1554,ח_עצמאי_משמרת_מאיר
1555,ח_עצמאי_משמרת_מאיר
1556,ח_עצמאי_משמרת_מאיר
1557,ח_עצמאי_משמרת_מאיר
1558,ח_עצמאי_משמרת_מאיר
1559,ח_עצמאי_משמרת_מאיר
1560,ח_עצמאי_משמרת_מאיר
1561,ח_עצמאי_משמרת_מאיר
1562,ח_עצמאי_משמרת_מאיר
1563,ח_עצמאי_משמרת_מאיר
1564,ח_עצמאי_משמרת_מאיר
1565,ח_עצמאי_משמרת_מאיר
1566,ח_עצמאי_משמרת_מאיר
1567,ח_עצמאי_משמרת_מאיר
1568,ח_עצמאי_משמרת_מאיר
1569,ח_עצמאי_משמרת_מאיר
1570,ח_עצמאי_משמרת_מאיר
1571,ח_עצמאי_משמרת_מאיר
1572,ח_עצמאי_משמרת_מאיר
1573,ח_עצמאי_משמרת_מאיר
1574,ח_עצמאי_משמרת_מאיר
1575,ח_עצמאי_משמרת_מאיר
1576,ח_עצמאי_משמרת_מאיר
1577,ח_עצמאי_משמרת_מאיר
1578,ח_עצמאי_משמרת_מאיר
1579,ח_עצמאי_משמרת_מאיר
1580,ח_עצמאי_משמרת_מאיר
1581,ח_עצמאי_משמרת_מאיר
1582,ח_עצמאי_משמרת_מאיר
1583,ח_עצמאי_משמרת_מאיר
1584,ח_עצמאי_משמרת_מאיר
1585,ח_עצמאי_משמרת_מאיר
1586,ח_עצמאי_משמרת_מאיר
1587,ח_עצמאי_משמרת_מאיר
1588,ח_עצמאי_משמרת_מאיר
1589,ח_עצמאי_משמרת_מאיר
1590,ח_עצמאי_משמרת_מאיר
1591,ח_עצמאי_משמרת_מאיר
1592,ח_עצמאי_משמרת_מאיר
1593,ח_עצמאי_משמרת_מאיר
1594,ח_עצמאי_משמרת_מאיר
1595,ח_עצמאי_משמרת_מאיר
1596,ח_עצמאי_משמרת_מאיר
1597,ח_עצמאי_משמרת_מאיר
1598,ח_עצמאי_משמרת_מאיר
1599,ח_עצמאי_משמרת_מאיר
1600,ח_עצמאי_משמרת_מאיר
1601,ח_עצמאי_משמרת_מאיר
1602,ח_עצמאי_משמרת_מאיר
1603,ח_עצמאי_משמרת_מאיר
1604,ח_עצמאי_משמרת_מאיר
1605,ח_עצמאי_משמרת_מאיר
1606,ח_עצמאי_משמרת_מאיר
1607,ח_עצמאי_משמרת_מאיר
1608,ח_עצמאי_משמרת_מאיר
1609,ח_עצמאי_משמרת_מאיר
1610,ח_עצמאי_משמרת_מאיר
1611,ח_עצמאי_משמרת_מאיר
1612,ח_עצמאי_משמרת_מאיר
1613,ח_עצמאי_משמרת_מאיר
1614,ח_עצמאי_משמרת_מאיר
1615,ח_עצמאי_משמרת_מאיר
1616,ח_עצמאי_משמרת_מאיר
1617,ח_עצמאי_משמרת_מאיר
1618,ח_עצמאי_משמרת_מאיר
1619,ח_עצמאי_משמרת_מאיר
1620,ח_עצמאי_משמרת_מאיר
1621,ח_עצמאי_משמרת_מאיר
1622,ח_עצמאי_משמרת_מאיר
1623,ח_עצמאי_משמרת_מאיר
1624,ח_עצמאי_משמרת_מאיר
1625,ח_עצמאי_משמרת_מאיר
1626,ח_עצמאי_משמרת_מאיר
1627,ח_עצמאי_משמרת_מאיר
1628,ח_עצמאי_משמרת_מאיר
1629,ח_עצמאי_משמרת_מאיר
1630,ח_עצמאי_משמרת_מאיר
1631,ח_עצמאי_משמרת_מאיר
1632,ח_עצמאי_משמרת_מאיר
1633,ח_עצמאי_משמרת_מאיר
1634,ח_עצמאי_משמרת_מאיר
1635,ח_עצמאי_משמרת_מאיר
1636,ח_עצמאי_משמרת_מאיר
1637,ח_עצמאי_משמרת_מאיר
1638,ח_עצמאי_משמרת_מאיר
1639,ח_עצמאי_משמרת_מאיר
1640,ח_עצמאי_משמרת_מאיר
1641,ח_עצמאי_משמרת_מאיר
1642,ח_עצמאי_משמרת_מאיר
1643,ח_עצמאי_משמרת_מאיר
1644,ח_עצמאי_משמרת_מאיר
1645,ח_עצמאי_משמרת_מאיר
1646,ח_עצמאי_משמרת_מאיר
1647,ח_עצמאי_משמרת_מאיר
1648,ח_עצמאי_משמרת_מאיר
1649,ח_עצמאי_משמרת_מאיר
1650,ח_עצמאי_משמרת_מאיר
1651,ח_עצמאי_משמרת_מאיר
1652,ח_עצמאי_משמרת_מאיר
1653,ח_עצמאי_משמרת_מאיר
1654,ח_עצמאי_משמרת_מאיר
1655,ח_עצמאי_משמרת_מאיר
1656,ח_עצמאי_משמרת_מאיר
1657,ח_עצמאי_משמרת_מאיר
1658,ח_עצמאי_משמרת_מאיר
1659,ח_עצמאי_משמרת_מאיר
1660,ח_עצמאי_משמרת_מאיר
1661,ח_עצמאי_משמרת_מאיר
1662,ח_עצמאי_משמרת_מאיר
1663,ח_עצמאי_משמרת_מאיר
1664,ח_עצמאי_משמרת_מאיר
1665,ח_עצמאי_משמרת_מאיר
1666,ח_עצמאי_משמרת_מאיר
1667,ח_עצמאי_משמרת_מאיר
1668,ח_עצמאי_משמרת_מאיר
1669,ח_עצמאי_משמרת_מאיר
1670,ח_עצמאי_משמרת_מאיר
1671,ח_עצמאי_משמרת_מאיר
1672,ח_עצמאי_משמרת_מאיר
1673,ח_עצמאי_משמרת_מאיר
1674,ח_עצמאי_משמרת_מאיר
1675,ח_עצמאי_משמרת_מאיר
1676,ח_עצמאי_משמרת_מאיר
1677,ח_עצמאי_משמרת_מאיר
1678,ח_עצמאי_משמרת_מאיר
1679,ח_עצמאי_משמרת_מאיר
1680,ח_עצמאי_משמרת_מאיר
1681,ח_עצמאי_משמרת_מאיר
1682,ח_עצמאי_משמרת_מאיר
1683,ח_עצמאי_משמרת_מאיר
1684,ח_עצמאי_משמרת_מאיר
1685,ח_עצמאי_משמרת_מאיר
1686,ח_עצמאי_משמרת_מאיר
1687,ח_עצמאי_משמרת_מאיר
1688,ח_עצמאי_משמרת_מאיר
1689,ח_עצמאי_משמרת_מאיר
1690,ח_עצמאי_משמרת_מאיר
1691,ח_עצמאי_משמרת_מאיר
1692,ח_עצמאי_משמרת_מאיר
1693,ח_עצמאי_משמרת_מאיר
1694,ח_עצמאי_משמרת_מאיר
1695,ח_עצמאי_משמרת_מאיר
1696,ח_עצמאי_משמרת_מאיר
1697,ח_עצמאי_משמרת_מאיר
1698,ח_עצמאי_משמרת_מאיר
1699,ח_עצמאי_משמרת_מאיר
2001,חסידי
2002,חסידי
2003,חסידי
2004,חסידי
2005,חסידי
2006,חסידי
2007,חסידי
2008,חסידי
2009,חסידי
2010,חסידי
2011,חסידי
2012,חסידי
2013,חסידי
2014,חסידי
2015,חסידי
2016,חסידי
2017,חסידי
2018,חסידי
2019,חסידי
2020,חסידי
2021,חסידי
2022,חסידי
2023,חסידי
2024,חסידי
2025,חסידי
2026,חסידי
2027,חסידי
2028,חסידי
2029,חסידי
2030,חסידי
2031,חסידי
2032,חסידי
2033,חסידי
2034,חסידי
2035,חסידי
2036,חסידי
2037,חסידי
2038,חסידי
2039,חסידי
2040,חסידי
2041,חסידי
2042,חסידי
2043,חסידי
2044,חסידי
2045,חסידי
2046,חסידי
2047,חסידי
2048,חסידי
2049,חסידי
2050,חסידי
2051,חסידי
2052,חסידי
2053,חסידי
2054,חסידי
2055,חסידי
2056,חסידי
2057,חסידי
2058,חסידי
2059,חסידי
2060,חסידי
2061,חסידי
2062,חסידי
2063,חסידי
2064,חסידי
2065,חסידי
2066,חסידי
2067,חסידי
2068,חסידי
2069,חסידי
2070,חסידי
2071,חסידי
2072,חסידי
2073,חסידי
2074,חסידי
2075,חסידי
2076,חסידי
2077,חסידי
2078,חסידי
2079,חסידי
2080,חסידי
2081,חסידי
2082,חסידי
2083,חסידי
2084,חסידי
2085,חסידי
2086,חסידי
2087,חסידי
2088,חסידי
2089,חסידי
2090,חסידי
2091,חסידי
2092,חסידי
2093,חסידי
2094,חסידי
2095,חסידי
2096,חסידי
2097,חסידי
2098,חסידי
2099,חסידי
2100,חסידי
2101,חסידי
2102,חסידי
2103,חסידי
2104,חסידי
2105,חסידי
2106,חסידי
2107,חסידי
2108,חסידי
2109,חסידי
2110,חסידי
2111,חסידי
2112,חסידי
2113,חסידי
2114,חסידי
2115,חסידי
2116,חסידי
2117,חסידי
2118,חסידי
2119,חסידי
2120,חסידי
2121,חסידי
2122,חסידי
2123,חסידי
2124,חסידי
2125,חסידי
2126,חסידי
2127,חסידי
2128,חסידי
2129,חסידי
2130,חסידי
2131,חסידי
2132,חסידי
2133,חסידי
2134,חסידי
2135,חסידי
2136,חסידי
2137,חסידי
2138,חסידי
2139,חסידי
2140,חסידי
2141,חסידי
2142,חסידי
2143,חסידי
2144,חסידי
2145,חסידי
2146,חסידי
2147,חסידי
2148,חסידי
2149,חסידי
2150,חסידי
2151,חסידי
2152,חסידי
2153,חסידי
2154,חסידי
2155,חסידי
2156,חסידי
2157,חסידי
2158,חסידי
2159,חסידי
2160,חסידי
2161,חסידי
2162,חסידי
2163,חסידי
2164,חסידי
2165,חסידי
2166,חסידי
2167,חסידי
2168,חסידי
2169,חסידי
2170,חסידי
2171,חסידי
2172,חסידי
2173,חסידי
2174,חסידי
2175,חסידי
2176,חסידי
2177,חסידי
2178,חסידי
2179,חסידי
2180,חסידי
2181,חסידי
2182,חסידי
2183,חסידי
2184,חסידי
2185,חסידי
2186,חסידי
2187,חסידי
2188,חסידי
2189,חסידי
2190,חסידי
2191,חסידי
2192,חסידי
2193,חסידי
2194,חסידי
2195,חסידי
2196,חסידי
2197,חסידי
2198,חסידי
2199,חסידי
2200,חסידי
2201,חסידי
2202,חסידי
2203,חסידי
2204,חסידי
2205,חסידי
2206,חסידי
2207,חסידי
2208,חסידי
2209,חסידי
2210,חסידי
2211,חסידי
2212,חסידי
2213,חסידי
2214,חסידי
2215,חסידי
2216,חסידי
2217,חסידי
2218,חסידי
2219,חסידי
2220,חסידי
2221,חסידי
2222,חסידי
2223,חסידי
2224,חסידי
2225,חסידי
2226,חסידי
2227,חסידי
2228,חסידי
2229,חסידי
2230,חסידי
2231,חסידי
2232,חסידי
2233,חסידי
2234,חסידי
2235,חסידי
2236,חסידי
2237,חסידי
2238,חסידי
2239,חסידי
2240,חסידי
2241,חסידי
2242,חסידי
2243,חסידי
2244,חסידי
2245,חסידי
2246,חסידי
2247,חסידי
2248,חסידי
2249,חסידי
2250,חסידי
2251,חסידי
2252,חסידי
2253,חסידי
2254,חסידי
2255,חסידי
2256,חסידי
2257,חסידי
2258,חסידי
2259,חסידי
2260,חסידי
2261,חסידי
2262,חסידי
2263,חסידי
2264,חסידי
2265,חסידי
2266,חסידי
2267,חסידי
2268,חסידי
2269,חסידי
2270,חסידי
2271,חסידי
2272,חסידי
2273,חסידי
2274,חסידי
2275,חסידי
2276,חסידי
2277,חסידי
2278,חסידי
2279,חסידי
2280,חסידי
2281,חסידי
2282,חסידי
2283,חסידי
2284,חסידי
2285,חסידי
2286,חסידי
2287,חסידי
2288,חסידי
2289,חסידי
2290,חסידי
2291,חסידי
2292,חסידי
2293,חסידי
2294,חסידי
2295,חסידי
2296,חסידי
2297,חסידי
2298,חסידי
2299,חסידי
2300,חסידי
2301,חסידי
2302,חסידי
2303,חסידי
2304,חסידי
2305,חסידי
2306,חסידי
2307,חסידי
2308,חסידי
2309,חסידי
2310,חסידי
2311,חסידי
2312,חסידי
2313,חסידי
2314,חסידי
2315,חסידי
2316,חסידי
2317,חסידי
2318,חסידי
2319,חסידי
2320,חסידי
2321,חסידי
2322,חסידי
2323,חסידי
2324,חסידי
2325,חסידי
2326,חסידי
2327,חסידי
2328,חסידי
2329,חסידי
2330,חסידי
2331,חסידי
2332,חסידי
2333,חסידי
2334,חסידי
2335,חסידי
2336,חסידי
2337,חסידי
2338,חסידי
2339,חסידי
2340,חסידי
2341,חסידי
2342,חסידי
2343,חסידי
2344,חסידי
2345,חסידי
2346,חסידי
2347,חסידי
2348,חסידי
2349,חסידי
2350,חסידי
2351,חסידי
2352,חסידי
2353,חסידי
2354,חסידי
2355,חסידי
2356,חסידי
2357,חסידי
2358,חסידי
2359,חסידי
2360,חסידי
2361,חסידי
2362,חסידי
2363,חסידי
2364,חסידי
2365,חסידי
2366,חסידי
2367,חסידי
2368,חסידי
2369,חסידי
2370,חסידי
2371,חסידי
2372,חסידי
2373,חסידי
2374,חסידי
2375,חסידי
2376,חסידי
2377,חסידי
2378,חסידי
2379,חסידי
2380,חסידי
2381,חסידי
2382,חסידי
2383,חסידי
2384,חסידי
2385,חסידי
2386,חסידי
2387,חסידי
2388,חסידי
2389,חסידי
2390,חסידי
2391,חסידי
2392,חסידי
2393,חסידי
2394,חסידי
2395,חסידי
2396,חסידי
2397,חסידי
2398,חסידי
2399,חסידי
2400,חסידי
2401,חסידי
2402,חסידי
2403,חסידי
2404,חסידי
2405,חסידי
2406,חסידי
2407,חסידי
2408,חסידי
2409,חסידי
2410,חסידי
2411,חסידי
2412,חסידי
2413,חסידי
2414,חסידי
2415,חסידי
2416,חסידי
2417,חסידי
2418,חסידי
2419,חסידי
2420,חסידי
2421,חסידי
2422,חסידי
2423,חסידי
2424,חסידי
2425,חסידי
2426,חסידי
2427,חסידי
2428,חסידי
2429,חסידי
2430,חסידי
2431,חסידי
2432,חסידי
2433,חסידי
2434,חסידי
2435,חסידי
2436,חסידי
2437,חסידי
2438,חסידי
2439,חסידי
2440,חסידי
2441,חסידי
2442,חסידי
2443,חסידי
2444,חסידי
2445,חסידי
2446,חסידי
2447,חסידי
2448,חסידי
2449,חסידי
2450,חסידי
2451,חסידי
2452,חסידי
2453,חסידי
2454,חסידי
2455,חסידי
2456,חסידי
2457,חסידי
2458,חסידי
2459,חסידי
2460,חסידי
2461,חסידי
2462,חסידי
2463,חסידי
2464,חסידי
2465,חסידי
2466,חסידי
2467,חסידי
2468,חסידי
2469,חסידי
2470,חסידי
2471,חסידי
2472,חסידי
2473,חסידי
2474,חסידי
2475,חסידי
2476,חסידי
2477,חסידי
2478,חסידי
2479,חסידי
2480,חסידי
2481,חסידי
2482,חסידי
2483,חסידי
2484,חסידי
2485,חסידי
2486,חסידי
2487,חסידי
2488,חסידי
2489,חסידי
2490,חסידי
2491,חסידי
2492,חסידי
2493,חסידי
2494,חסידי
2495,חסידי
2496,חסידי
2497,חסידי
2498,חסידי
2499,חסידי
2500,חסידי
3001,ירושלמי
3002,ירושלמי
3003,ירושלמי
3004,ירושלמי
3005,ירושלמי
3006,ירושלמי
3007,ירושלמי
3008,ירושלמי
3009,ירושלמי
3010,ירושלמי
3011,ירושלמי
3012,ירושלמי
3013,ירושלמי
3014,ירושלמי
3015,ירושלמי
3016,ירושלמי
3017,ירושלמי
3018,ירושלמי
3019,ירושלמי
3020,ירושלמי
3021,ירושלמי
3022,ירושלמי
3023,ירושלמי
3024,ירושלמי
3025,ירושלמי
3026,ירושלמי
3027,ירושלמי
3028,ירושלמי
3029,ירושלמי
3030,ירושלמי
3031,ירושלמי
3032,ירושלמי
3033,ירושלמי
3034,ירושלמי
3035,ירושלמי
3036,ירושלמי
3037,ירושלמי
3038,ירושלמי
3039,ירושלמי
3040,ירושלמי
3041,ירושלמי
3042,ירושלמי
3043,ירושלמי
3044,ירושלמי
3045,ירושלמי
3046,ירושלמי
3047,ירושלמי
3048,ירושלמי
3049,ירושלמי
3050,ירושלמי
3051,ירושלמי
3052,ירושלמי
3053,ירושלמי
3054,ירושלמי
3055,ירושלמי
3056,ירושלמי
3057,ירושלמי
3058,ירושלמי
3059,ירושלמי
3060,ירושלמי
3061,ירושלמי
3062,ירושלמי
3063,ירושלמי
3064,ירושלמי
3065,ירושלמי
3066,ירושלמי
3067,ירושלמי
3068,ירושלמי
3069,ירושלמי
3070,ירושלמי
3071,ירושלמי
3072,ירושלמי
3073,ירושלמי
3074,ירושלמי
3075,ירושלמי
3076,ירושלמי
3077,ירושלמי
3078,ירושלמי
3079,ירושלמי
3080,ירושלמי
3081,ירושלמי
3082,ירושלמי
3083,ירושלמי
3084,ירושלמי
3085,ירושלמי
3086,ירושלמי
3087,ירושלמי
3088,ירושלמי
3089,ירושלמי
3090,ירושלמי
3091,ירושלמי
3092,ירושלמי
3093,ירושלמי
3094,ירושלמי
3095,ירושלמי
3096,ירושלמי
3097,ירושלמי
3098,ירושלמי
3099,ירושלמי
3100,ירושלמי
3101,ירושלמי
3102,ירושלמי
3103,ירושלמי
3104,ירושלמי
3105,ירושלמי
3106,ירושלמי
3107,ירושלמי
3108,ירושלמי
3109,ירושלמי
3110,ירושלמי
3111,ירושלמי
3112,ירושלמי
3113,ירושלמי
3114,ירושלמי
3115,ירושלמי
3116,ירושלמי
3117,ירושלמי
3118,ירושלמי
3119,ירושלמי
3120,ירושלמי
3121,ירושלמי
3122,ירושלמי
3123,ירושלמי
3124,ירושלמי
3125,ירושלמי
3126,ירושלמי
3127,ירושלמי
3128,ירושלמי
3129,ירושלמי
3130,ירושלמי
3131,ירושלמי
3132,ירושלמי
3133,ירושלמי
3134,ירושלמי
3135,ירושלמי
3136,ירושלמי
3137,ירושלמי
3138,ירושלמי
3139,ירושלמי
3140,ירושלמי
3141,ירושלמי
3142,ירושלמי
3143,ירושלמי
3144,ירושלמי
3145,ירושלמי
3146,ירושלמי
3147,ירושלמי
3148,ירושלמי
3149,ירושלמי
3150,ירושלמי
3151,ירושלמי
3152,ירושלמי
3153,ירושלמי
3154,ירושלמי
3155,ירושלמי
3156,ירושלמי
3157,ירושלמי
3158,ירושלמי
3159,ירושלמי
3160,ירושלמי
3161,ירושלמי
3162,ירושלמי
3163,ירושלמי
3164,ירושלמי
3165,ירושלמי
3166,ירושלמי
3167,ירושלמי
3168,ירושלמי
3169,ירושלמי
3170,ירושלמי
3171,ירושלמי
3172,ירושלמי
3173,ירושלמי
3174,ירושלמי
3175,ירושלמי
3176,ירושלמי
3177,ירושלמי
3178,ירושלמי
3179,ירושלמי
3180,ירושלמי
3181,ירושלמי
3182,ירושלמי
3183,ירושלמי
3184,ירושלמי
3185,ירושלמי
3186,ירושלמי
3187,ירושלמי
3188,ירושלמי
3189,ירושלמי
3190,ירושלמי
3191,ירושלמי
3192,ירושלמי
3193,ירושלמי
3194,ירושלמי
3195,ירושלמי
3196,ירושלמי
3197,ירושלמי
3198,ירושלמי
3199,ירושלמי
3200,ירושלמי
3201,ירושלמי
3202,ירושלמי
3203,ירושלמי
3204,ירושלמי
3205,ירושלמי
3206,ירושלמי
3207,ירושלמי
3208,ירושלמי
3209,ירושלמי
3210,ירושלמי
3211,ירושלמי
3212,ירושלמי
3213,ירושלמי
3214,ירושלמי
3215,ירושלמי
3216,ירושלמי
3217,ירושלמי
3218,ירושלמי
3219,ירושלמי
3220,ירושלמי
3221,ירושלמי
3222,ירושלמי
3223,ירושלמי
3224,ירושלמי
3225,ירושלמי
3226,ירושלמי
3227,ירושלמי
3228,ירושלמי
3229,ירושלמי
3230,ירושלמי
3231,ירושלמי
3232,ירושלמי
3233,ירושלמי
3234,ירושלמי
3235,ירושלמי
3236,ירושלמי
3237,ירושלמי
3238,ירושלמי
3239,ירושלמי
3240,ירושלמי
3241,ירושלמי
3242,ירושלמי
3243,ירושלמי
3244,ירושלמי
3245,ירושלמי
3246,ירושלמי
3247,ירושלמי
3248,ירושלמי
3249,ירושלמי
3250,ירושלמי
3251,ירושלמי
3252,ירושלמי
3253,ירושלמי
3254,ירושלמי
3255,ירושלמי
3256,ירושלמי
3257,ירושלמי
3258,ירושלמי
3259,ירושלמי
3260,ירושלמי
3261,ירושלמי
3262,ירושלמי
3263,ירושלמי
3264,ירושלמי
3265,ירושלמי
3266,ירושלמי
3267,ירושלמי
3268,ירושלמי
3269,ירושלמי
3270,ירושלמי
3271,ירושלמי
3272,ירושלמי
3273,ירושלמי
3274,ירושלמי
3275,ירושלמי
3276,ירושלמי
3277,ירושלמי
3278,ירושלמי
3279,ירושלמי
3280,ירושלמי
3281,ירושלמי
3282,ירושלמי
3283,ירושלמי
3284,ירושלמי
3285,ירושלמי
3286,ירושלמי
3287,ירושלמי
3288,ירושלמי
3289,ירושלמי
3290,ירושלמי
3291,ירושלמי
3292,ירושלמי
3293,ירושלמי
3294,ירושלמי
3295,ירושלמי
3296,ירושלמי
3297,ירושלמי
3298,ירושלמי
3299,ירושלמי
3300,ירושלמי
3301,ירושלמי
3302,ירושלמי
3303,ירושלמי
3304,ירושלמי
3305,ירושלמי
3306,ירושלמי
3307,ירושלמי
3308,ירושלמי
3309,ירושלמי
3310,ירושלמי
3311,ירושלמי
3312,ירושלמי
3313,ירושלמי
3314,ירושלמי
3315,ירושלמי
3316,ירושלמי
3317,ירושלמי
3318,ירושלמי
3319,ירושלמי
3320,ירושלמי
3321,ירושלמי
3322,ירושלמי
3323,ירושלמי
3324,ירושלמי
3325,ירושלמי
3326,ירושלמי
3327,ירושלמי
3328,ירושלמי
3329,ירושלמי
3330,ירושלמי
3331,ירושלמי
3332,ירושלמי
3333,ירושלמי
3334,ירושלמי
3335,ירושלמי
3336,ירושלמי
3337,ירושלמי
3338,ירושלמי
3339,ירושלמי
3340,ירושלמי
3341,ירושלמי
3342,ירושלמי
3343,ירושלמי
3344,ירושלמי
3345,ירושלמי
3346,ירושלמי
3347,ירושלמי
3348,ירושלמי
3349,ירושלמי
3350,ירושלמי
3351,ירושלמי
3352,ירושלמי
3353,ירושלמי
3354,ירושלמי
3355,ירושלמי
3356,ירושלמי
3357,ירושלמי
3358,ירושלמי
3359,ירושלמי
3360,ירושלמי
3361,ירושלמי
3362,ירושלמי
3363,ירושלמי
3364,ירושלמי
3365,ירושלמי
3366,ירושלמי
3367,ירושלמי
3368,ירושלמי
3369,ירושלמי
3370,ירושלמי
3371,ירושלמי
3372,ירושלמי
3373,ירושלמי
3374,ירושלמי
3375,ירושלמי
3376,ירושלמי
3377,ירושלמי
3378,ירושלמי
3379,ירושלמי
3380,ירושלמי
3381,ירושלמי
3382,ירושלמי
3383,ירושלמי
3384,ירושלמי
3385,ירושלמי
3386,ירושלמי
3387,ירושלמי
3388,ירושלמי
3389,ירושלמי
3390,ירושלמי
3391,ירושלמי
3392,ירושלמי
3393,ירושלמי
3394,ירושלמי
3395,ירושלמי
3396,ירושלמי
3397,ירושלמי
3398,ירושלמי
3399,ירושלמי
3400,ירושלמי
3401,ירושלמי
3402,ירושלמי
3403,ירושלמי
3404,ירושלמי
3405,ירושלמי
3406,ירושלמי
3407,ירושלמי
3408,ירושלמי
3409,ירושלמי
3410,ירושלמי
3411,ירושלמי
3412,ירושלמי
3413,ירושלמי
3414,ירושלמי
3415,ירושלמי
3416,ירושלמי
3417,ירושלמי
3418,ירושלמי
3419,ירושלמי
3420,ירושלמי
3421,ירושלמי
3422,ירושלמי
3423,ירושלמי
3424,ירושלמי
3425,ירושלמי
3426,ירושלמי
3427,ירושלמי
3428,ירושלמי
3429,ירושלמי
3430,ירושלמי
3431,ירושלמי
3432,ירושלמי
3433,ירושלמי
3434,ירושלמי
3435,ירושלמי
3436,ירושלמי
3437,ירושלמי
3438,ירושלמי
3439,ירושלמי
3440,ירושלמי
3441,ירושלמי
3442,ירושלמי
3443,ירושלמי
3444,ירושלמי
3445,ירושלמי
3446,ירושלמי
3447,ירושלמי
3448,ירושלמי
3449,ירושלמי
3450,ירושלמי
3451,ירושלמי
3452,ירושלמי
3453,ירושלמי
3454,ירושלמי
3455,ירושלמי
3456,ירושלמי
3457,ירושלמי
3458,ירושלמי
3459,ירושלמי
3460,ירושלמי
3461,ירושלמי
3462,ירושלמי
3463,ירושלמי
3464,ירושלמי
3465,ירושלמי
3466,ירושלמי
3467,ירושלמי
3468,ירושלמי
3469,ירושלמי
3470,ירושלמי
3471,ירושלמי
3472,ירושלמי
3473,ירושלמי
3474,ירושלמי
3475,ירושלמי
3476,ירושלמי
3477,ירושלמי
3478,ירושלמי
3479,ירושלמי
3480,ירושלמי
3481,ירושלמי
3482,ירושלמי
3483,ירושלמי
3484,ירושלמי
3485,ירושלמי
3486,ירושלמי
3487,ירושלמי
3488,ירושלמי
3489,ירושלמי
3490,ירושלמי
3491,ירושלמי
3492,ירושלמי
3493,ירושלמי
3494,ירושלמי
3495,ירושלמי
3496,ירושלמי
3497,ירושלמי
3498,ירושלמי
3499,ירושלמי
3500,ירושלמי
4001,ספרדי
4002,ספרדי
4003,ספרדי
4004,ספרדי
4005,ספרדי
4006,ספרדי
4007,ספרדי
4008,ספרדי
4009,ספרדי
4010,ספרדי
4011,ספרדי
4012,ספרדי
4013,ספרדי
4014,ספרדי
4015,ספרדי
4016,ספרדי
4017,ספרדי
4018,ספרדי
4019,ספרדי
4020,ספרדי
4021,ספרדי
4022,ספרדי
4023,ספרדי
4024,ספרדי
4025,ספרדי
4026,ספרדי
4027,ספרדי
4028,ספרדי
4029,ספרדי
4030,ספרדי
4031,ספרדי
4032,ספרדי
4033,ספרדי
4034,ספרדי
4035,ספרדי
4036,ספרדי
4037,ספרדי
4038,ספרדי
4039,ספרדי
4040,ספרדי
4041,ספרדי
4042,ספרדי
4043,ספרדי
4044,ספרדי
4045,ספרדי
4046,ספרדי
4047,ספרדי
4048,ספרדי
4049,ספרדי
4050,ספרדי
4051,ספרדי
4052,ספרדי
4053,ספרדי
4054,ספרדי
4055,ספרדי
4056,ספרדי
4057,ספרדי
4058,ספרדי
4059,ספרדי
4060,ספרדי
4061,ספרדי
4062,ספרדי
4063,ספרדי
4064,ספרדי
4065,ספרדי
4066,ספרדי
4067,ספרדי
4068,ספרדי
4069,ספרדי
4070,ספרדי
4071,ספרדי
4072,ספרדי
4073,ספרדי
4074,ספרדי
4075,ספרדי
4076,ספרדי
4077,ספרדי
4078,ספרדי
4079,ספרדי
4080,ספרדי
4081,ספרדי
4082,ספרדי
4083,ספרדי
4084,ספרדי
4085,ספרדי
4086,ספרדי
4087,ספרדי
4088,ספרדי
4089,ספרדי
4090,ספרדי
4091,ספרדי
4092,ספרדי
4093,ספרדי
4094,ספרדי
4095,ספרדי
4096,ספרדי
4097,ספרדי
4098,ספרדי
4099,ספרדי
4100,ספרדי
4101,ספרדי
4102,ספרדי
4103,ספרדי
4104,ספרדי
4105,ספרדי
4106,ספרדי
4107,ספרדי
4108,ספרדי
4109,ספרדי
4110,ספרדי
4111,ספרדי
4112,ספרדי
4113,ספרדי
4114,ספרדי
4115,ספרדי
4116,ספרדי
4117,ספרדי
4118,ספרדי
4119,ספרדי
4120,ספרדי
4121,ספרדי
4122,ספרדי
4123,ספרדי
4124,ספרדי
4125,ספרדי
4126,ספרדי
4127,ספרדי
4128,ספרדי
4129,ספרדי
4130,ספרדי
4131,ספרדי
4132,ספרדי
4133,ספרדי
4134,ספרדי
4135,ספרדי
4136,ספרדי
4137,ספרדי
4138,ספרדי
4139,ספרדי
4140,ספרדי
4141,ספרדי
4142,ספרדי
4143,ספרדי
4144,ספרדי
4145,ספרדי
4146,ספרדי
4147,ספרדי
4148,ספרדי
4149,ספרדי
4150,ספרדי
4151,ספרדי
4152,ספרדי
4153,ספרדי
4154,ספרדי
4155,ספרדי
4156,ספרדי
4157,ספרדי
4158,ספרדי
4159,ספרדי
4160,ספרדי
4161,ספרדי
4162,ספרדי
4163,ספרדי
4164,ספרדי
4165,ספרדי
4166,ספרדי
4167,ספרדי
4168,ספרדי
4169,ספרדי
4170,ספרדי
4171,ספרדי
4172,ספרדי
4173,ספרדי
4174,ספרדי
4175,ספרדי
4176,ספרדי
4177,ספרדי
4178,ספרדי
4179,ספרדי
4180,ספרדי
4181,ספרדי
4182,ספרדי
4183,ספרדי
4184,ספרדי
4185,ספרדי
4186,ספרדי
4187,ספרדי
4188,ספרדי
4189,ספרדי
4190,ספרדי
4191,ספרדי
4192,ספרדי
4193,ספרדי
4194,ספרדי
4195,ספרדי
4196,ספרדי
4197,ספרדי
4198,ספרדי
4199,ספרדי
4200,ספרדי
4201,ספרדי
4202,ספרדי
4203,ספרדי
4204,ספרדי
4205,ספרדי
4206,ספרדי
4207,ספרדי
4208,ספרדי
4209,ספרדי
4210,ספרדי
4211,ספרדי
4212,ספרדי
4213,ספרדי
4214,ספרדי
4215,ספרדי
4216,ספרדי
4217,ספרדי
4218,ספרדי
4219,ספרדי
4220,ספרדי
4221,ספרדי
4222,ספרדי
4223,ספרדי
4224,ספרדי
4225,ספרדי
4226,ספרדי
4227,ספרדי
4228,ספרדי
4229,ספרדי
4230,ספרדי
4231,ספרדי
4232,ספרדי
4233,ספרדי
4234,ספרדי
4235,ספרדי
4236,ספרדי
4237,ספרדי
4238,ספרדי
4239,ספרדי
4240,ספרדי
4241,ספרדי
4242,ספרדי
4243,ספרדי
4244,ספרדי
4245,ספרדי
4246,ספרדי
4247,ספרדי
4248,ספרדי
4249,ספרדי
4250,ספרדי
4251,ספרדי
4252,ספרדי
4253,ספרדי
4254,ספרדי
4255,ספרדי
4256,ספרדי
4257,ספרדי
4258,ספרדי
4259,ספרדי
4260,ספרדי
4261,ספרדי
4262,ספרדי
4263,ספרדי
4264,ספרדי
4265,ספרדי
4266,ספרדי
4267,ספרדי
4268,ספרדי
4269,ספרדי
4270,ספרדי
4271,ספרדי
4272,ספרדי
4273,ספרדי
4274,ספרדי
4275,ספרדי
4276,ספרדי
4277,ספרדי
4278,ספרדי
4279,ספרדי
4280,ספרדי
4281,ספרדי
4282,ספרדי
4283,ספרדי
4284,ספרדי
4285,ספרדי
4286,ספרדי
4287,ספרדי
4288,ספרדי
4289,ספרדי
4290,ספרדי
4291,ספרדי
4292,ספרדי
4293,ספרדי
4294,ספרדי
4295,ספרדי
4296,ספרדי
4297,ספרדי
4298,ספרדי
4299,ספרדי
4300,ספרדי
4301,ספרדי
4302,ספרדי
4303,ספרדי
4304,ספרדי
4305,ספרדי
4306,ספרדי
4307,ספרדי
4308,ספרדי
4309,ספרדי
4310,ספרדי
4311,ספרדי
4312,ספרדי
4313,ספרדי
4314,ספרדי
4315,ספרדי
4316,ספרדי
4317,ספרדי
4318,ספרדי
4319,ספרדי
4320,ספרדי
4321,ספרדי
4322,ספרדי
4323,ספרדי
4324,ספרדי
4325,ספרדי
4326,ספרדי
4327,ספרדי
4328,ספרדי
4329,ספרדי
4330,ספרדי
4331,ספרדי
4332,ספרדי
4333,ספרדי
4334,ספרדי
4335,ספרדי
4336,ספרדי
4337,ספרדי
4338,ספרדי
4339,ספרדי
4340,ספרדי
4341,ספרדי
4342,ספרדי
4343,ספרדי
4344,ספרדי
4345,ספרדי
4346,ספרדי
4347,ספרדי
4348,ספרדי
4349,ספרדי
4350,ספרדי
4351,ספרדי
4352,ספרדי
4353,ספרדי
4354,ספרדי
4355,ספרדי
4356,ספרדי
4357,ספרדי
4358,ספרדי
4359,ספרדי
4360,ספרדי
4361,ספרדי
4362,ספרדי
4363,ספרדי
4364,ספרדי
4365,ספרדי
4366,ספרדי
4367,ספרדי
4368,ספרדי
4369,ספרדי
4370,ספרדי
4371,ספרדי
4372,ספרדי
4373,ספרדי
4374,ספרדי
4375,ספרדי
4376,ספרדי
4377,ספרדי
4378,ספרדי
4379,ספרדי
4380,ספרדי
4381,ספרדי
4382,ספרדי
4383,ספרדי
4384,ספרדי
4385,ספרדי
4386,ספרדי
4387,ספרדי
4388,ספרדי
4389,ספרדי
4390,ספרדי
4391,ספרדי
4392,ספרדי
4393,ספרדי
4394,ספרדי
4395,ספרדי
4396,ספרדי
4397,ספרדי
4398,ספרדי
4399,ספרדי
4400,ספרדי
4401,ספרדי
4402,ספרדי
4403,ספרדי
4404,ספרדי
4405,ספרדי
4406,ספרדי
4407,ספרדי
4408,ספרדי
4409,ספרדי
4410,ספרדי
4411,ספרדי
4412,ספרדי
4413,ספרדי
4414,ספרדי
4415,ספרדי
4416,ספרדי
4417,ספרדי
4418,ספרדי
4419,ספרדי
4420,ספרדי
4421,ספרדי
4422,ספרדי
4423,ספרדי
4424,ספרדי
4425,ספרדי
4426,ספרדי
4427,ספרדי
4428,ספרדי
4429,ספרדי
4430,ספרדי
4431,ספרדי
4432,ספרדי
4433,ספרדי
4434,ספרדי
4435,ספרדי
4436,ספרדי
4437,ספרדי
4438,ספרדי
4439,ספרדי
4440,ספרדי
4441,ספרדי
4442,ספרדי
4443,ספרדי
4444,ספרדי
4445,ספרדי
4446,ספרדי
4447,ספרדי
4448,ספרדי
4449,ספרדי
4450,ספרדי
4451,ספרדי
4452,ספרדי
4453,ספרדי
4454,ספרדי
4455,ספרדי
4456,ספרדי
4457,ספרדי
4458,ספרדי
4459,ספרדי
4460,ספרדי
4461,ספרדי
4462,ספרדי
4463,ספרדי
4464,ספרדי
4465,ספרדי
4466,ספרדי
4467,ספרדי
4468,ספרדי
4469,ספרדי
4470,ספרדי
4471,ספרדי
4472,ספרדי
4473,ספרדי
4474,ספרדי
4475,ספרדי
4476,ספרדי
4477,ספרדי
4478,ספרדי
4479,ספרדי
4480,ספרדי
4481,ספרדי
4482,ספרדי
4483,ספרדי
4484,ספרדי
4485,ספרדי
4486,ספרדי
4487,ספרדי
4488,ספרדי
4489,ספרדי
4490,ספרדי
4491,ספרדי
4492,ספרדי
4493,ספרדי
4494,ספרדי
4495,ספרדי
4496,ספרדי
4497,ספרדי
4498,ספרדי
4499,ספרדי
4500,ספרדי
5001,חפץ_חיים
5002,חפץ_חיים
5003,חפץ_חיים
5004,חפץ_חיים
5005,חפץ_חיים
5006,חפץ_חיים
5007,חפץ_חיים
5008,חפץ_חיים
5009,חפץ_חיים
5010,חפץ_חיים
5011,חפץ_חיים
5012,חפץ_חיים
5013,חפץ_חיים
5014,חפץ_חיים
5015,חפץ_חיים
5016,חפץ_חיים
5017,חפץ_חיים
5018,חפץ_חיים
5019,חפץ_חיים
5020,חפץ_חיים
5021,חפץ_חיים
5022,חפץ_חיים
5023,חפץ_חיים
5024,חפץ_חיים
5025,חפץ_חיים
5026,חפץ_חיים
5027,חפץ_חיים
5028,חפץ_חיים
5029,חפץ_חיים
5030,חפץ_חיים
5031,חפץ_חיים
5032,חפץ_חיים
5033,חפץ_חיים
5034,חפץ_חיים
5035,חפץ_חיים
5036,חפץ_חיים
5037,חפץ_חיים
5038,חפץ_חיים
5039,חפץ_חיים
5040,חפץ_חיים
5041,חפץ_חיים
5042,חפץ_חיים
5043,חפץ_חיים
5044,חפץ_חיים
5045,חפץ_חיים
5046,חפץ_חיים
5047,חפץ_חיים
5048,חפץ_חיים
5049,חפץ_חיים
5050,חפץ_חיים
5051,חפץ_חיים
5052,חפץ_חיים
5053,חפץ_חיים
5054,חפץ_חיים
5055,חפץ_חיים
5056,חפץ_חיים
5057,חפץ_חיים
5058,חפץ_חיים
5059,חפץ_חיים
5060,חפץ_חיים
5061,חפץ_חיים
5062,חפץ_חיים
5063,חפץ_חיים
5064,חפץ_חיים
5065,חפץ_חיים
5066,חפץ_חיים
5067,חפץ_חיים
5068,חפץ_חיים
5069,חפץ_חיים
5070,חפץ_חיים
5071,חפץ_חיים
5072,חפץ_חיים
5073,חפץ_חיים
5074,חפץ_חיים
5075,חפץ_חיים
5076,חפץ_חיים
5077,חפץ_חיים
5078,חפץ_חיים
5079,חפץ_חיים
5080,חפץ_חיים
5081,חפץ_חיים
5082,חפץ_חיים
5083,חפץ_חיים
5084,חפץ_חיים
5085,חפץ_חיים
5086,חפץ_חיים
5087,חפץ_חיים
5088,חפץ_חיים
5089,חפץ_חיים
5090,חפץ_חיים
5091,חפץ_חיים
5092,חפץ_חיים
5093,חפץ_חיים
5094,חפץ_חיים
5095,חפץ_חיים
5096,חפץ_חיים
5097,חפץ_חיים
5098,חפץ_חיים
5099,חפץ_חיים
5100,חפץ_חיים
5101,חפץ_חיים
5102,חפץ_חיים
5103,חפץ_חיים
5104,חפץ_חיים
5105,חפץ_חיים
5106,חפץ_חיים
5107,חפץ_חיים
5108,חפץ_חיים
5109,חפץ_חיים
5110,חפץ_חיים
5111,חפץ_חיים
5112,חפץ_חיים
5113,חפץ_חיים
5114,חפץ_חיים
5115,חפץ_חיים
5116,חפץ_חיים
5117,חפץ_חיים
5118,חפץ_חיים
5119,חפץ_חיים
5120,חפץ_חיים
5121,חפץ_חיים
5122,חפץ_חיים
5123,חפץ_חיים
5124,חפץ_חיים
5125,חפץ_חיים
5126,חפץ_חיים
5127,חפץ_חיים
5128,חפץ_חיים
5129,חפץ_חיים
5130,חפץ_חיים
5131,חפץ_חיים
5132,חפץ_חיים
5133,חפץ_חיים
5134,חפץ_חיים
5135,חפץ_חיים
5136,חפץ_חיים
5137,חפץ_חיים
5138,חפץ_חיים
5139,חפץ_חיים
5140,חפץ_חיים
5141,חפץ_חיים
5142,חפץ_חיים
5143,חפץ_חיים
5144,חפץ_חיים
5145,חפץ_חיים
5146,חפץ_חיים
5147,חפץ_חיים
5148,חפץ_חיים
5149,חפץ_חיים
5150,חפץ_חיים
5151,חפץ_חיים
5152,חפץ_חיים
5153,חפץ_חיים
5154,חפץ_חיים
5155,חפץ_חיים
5156,חפץ_חיים
5157,חפץ_חיים
5158,חפץ_חיים
5159,חפץ_חיים
5160,חפץ_חיים
5161,חפץ_חיים
5162,חפץ_חיים
5163,חפץ_חיים
5164,חפץ_חיים
5165,חפץ_חיים
5166,חפץ_חיים
5167,חפץ_חיים
5168,חפץ_חיים
5169,חפץ_חיים
5170,חפץ_חיים
5171,חפץ_חיים
5172,חפץ_חיים
5173,חפץ_חיים
5174,חפץ_חיים
5175,חפץ_חיים
5176,חפץ_חיים
5177,חפץ_חיים
5178,חפץ_חיים
5179,חפץ_חיים
5180,חפץ_חיים
5181,חפץ_חיים
5182,חפץ_חיים
5183,חפץ_חיים
5184,חפץ_חיים
5185,חפץ_חיים
5186,חפץ_חיים
5187,חפץ_חיים
5188,חפץ_חיים
5189,חפץ_חיים
5190,חפץ_חיים
5191,חפץ_חיים
5192,חפץ_חיים
5193,חפץ_חיים
5194,חפץ_חיים
5195,חפץ_חיים
5196,חפץ_חיים
5197,חפץ_חיים
5198,חפץ_חיים
5199,חפץ_חיים
5200,חפץ_חיים
5201,חפץ_חיים
5202,חפץ_חיים
5203,חפץ_חיים
5204,חפץ_חיים
5205,חפץ_חיים
5206,חפץ_חיים
5207,חפץ_חיים
5208,חפץ_חיים
5209,חפץ_חיים
5210,חפץ_חיים
5211,חפץ_חיים
5212,חפץ_חיים
5213,חפץ_חיים
5214,חפץ_חיים
5215,חפץ_חיים
5216,חפץ_חיים
5217,חפץ_חיים
5218,חפץ_חיים
5219,חפץ_חיים
5220,חפץ_חיים
5221,חפץ_חיים
5222,חפץ_חיים
5223,חפץ_חיים
5224,חפץ_חיים
5225,חפץ_חיים
5226,חפץ_חיים
5227,חפץ_חיים
5228,חפץ_חיים
5229,חפץ_חיים
5230,חפץ_חיים
5231,חפץ_חיים
5232,חפץ_חיים
5233,חפץ_חיים
5234,חפץ_חיים
5235,חפץ_חיים
5236,חפץ_חיים
5237,חפץ_חיים
5238,חפץ_חיים
5239,חפץ_חיים
5240,חפץ_חיים
5241,חפץ_חיים
5242,חפץ_חיים
5243,חפץ_חיים
5244,חפץ_חיים
5245,חפץ_חיים
5246,חפץ_חיים
5247,חפץ_חיים
5248,חפץ_חיים
5249,חפץ_חיים
5250,חפץ_חיים
5251,חפץ_חיים
5252,חפץ_חיים
5253,חפץ_חיים
5254,חפץ_חיים
5255,חפץ_חיים
5256,חפץ_חיים
5257,חפץ_חיים
5258,חפץ_חיים
5259,חפץ_חיים
5260,חפץ_חיים
5261,חפץ_חיים
5262,חפץ_חיים
5263,חפץ_חיים
5264,חפץ_חיים
5265,חפץ_חיים
5266,חפץ_חיים
5267,חפץ_חיים
5268,חפץ_חיים
5269,חפץ_חיים
5270,חפץ_חיים
5271,חפץ_חיים
5272,חפץ_חיים
5273,חפץ_חיים
5274,חפץ_חיים
5275,חפץ_חיים
5276,חפץ_חיים
5277,חפץ_חיים
5278,חפץ_חיים
5279,חפץ_חיים
5280,חפץ_חיים
5281,חפץ_חיים
5282,חפץ_חיים
5283,חפץ_חיים
5284,חפץ_חיים
5285,חפץ_חיים
5286,חפץ_חיים
5287,חפץ_חיים
5288,חפץ_חיים
5289,חפץ_חיים
5290,חפץ_חיים
5291,חפץ_חיים
5292,חפץ_חיים
5293,חפץ_חיים
5294,חפץ_חיים
5295,חפץ_חיים
5296,חפץ_חיים
5297,חפץ_חיים
5298,חפץ_חיים
5299,חפץ_חיים
5300,חפץ_חיים
5301,חפץ_חיים
5302,חפץ_חיים
5303,חפץ_חיים
5304,חפץ_חיים
5305,חפץ_חיים
5306,חפץ_חיים
5307,חפץ_חיים
5308,חפץ_חיים
5309,חפץ_חיים
5310,חפץ_חיים
5311,חפץ_חיים
5312,חפץ_חיים
5313,חפץ_חיים
5314,חפץ_חיים
5315,חפץ_חיים
5316,חפץ_חיים
5317,חפץ_חיים
5318,חפץ_חיים
5319,חפץ_חיים
5320,חפץ_חיים
5321,חפץ_חיים
5322,חפץ_חיים
5323,חפץ_חיים
5324,חפץ_חיים
5325,חפץ_חיים
5326,חפץ_חיים
5327,חפץ_חיים
5328,חפץ_חיים
5329,חפץ_חיים
5330,חפץ_חיים
5331,חפץ_חיים
5332,חפץ_חיים
5333,חפץ_חיים
5334,חפץ_חיים
5335,חפץ_חיים
5336,חפץ_חיים
5337,חפץ_חיים
5338,חפץ_חיים
5339,חפץ_חיים
5340,חפץ_חיים
5341,חפץ_חיים
5342,חפץ_חיים
5343,חפץ_חיים
5344,חפץ_חיים
5345,חפץ_חיים
5346,חפץ_חיים
5347,חפץ_חיים
5348,חפץ_חיים
5349,חפץ_חיים
5350,חפץ_חיים
5351,חפץ_חיים
5352,חפץ_חיים
5353,חפץ_חיים
5354,חפץ_חיים
5355,חפץ_חיים
5356,חפץ_חיים
5357,חפץ_חיים
5358,חפץ_חיים
5359,חפץ_חיים
5360,חפץ_חיים
5361,חפץ_חיים
5362,חפץ_חיים
5363,חפץ_חיים
5364,חפץ_חיים
5365,חפץ_חיים
5366,חפץ_חיים
5367,חפץ_חיים
5368,חפץ_חיים
5369,חפץ_חיים
5370,חפץ_חיים
5371,חפץ_חיים
5372,חפץ_חיים
5373,חפץ_חיים
5374,חפץ_חיים
5375,חפץ_חיים
5376,חפץ_חיים
5377,חפץ_חיים
5378,חפץ_חיים
5379,חפץ_חיים
5380,חפץ_חיים
5381,חפץ_חיים
5382,חפץ_חיים
5383,חפץ_חיים
5384,חפץ_חיים
5385,חפץ_חיים
5386,חפץ_חיים
5387,חפץ_חיים
5388,חפץ_חיים
5389,חפץ_חיים
5390,חפץ_חיים
5391,חפץ_חיים
5392,חפץ_חיים
5393,חפץ_חיים
5394,חפץ_חיים
5395,חפץ_חיים
5396,חפץ_חיים
5397,חפץ_חיים
5398,חפץ_חיים
5399,חפץ_חיים
5400,חפץ_חיים
5401,חפץ_חיים
5402,חפץ_חיים
5403,חפץ_חיים
5404,חפץ_חיים
5405,חפץ_חיים
5406,חפץ_חיים
5407,חפץ_חיים
5408,חפץ_חיים
5409,חפץ_חיים
5410,חפץ_חיים
5411,חפץ_חיים
5412,חפץ_חיים
5413,חפץ_חיים
5414,חפץ_חיים
5415,חפץ_חיים
5416,חפץ_חיים
5417,חפץ_חיים
5418,חפץ_חיים
5419,חפץ_חיים
5420,חפץ_חיים
5421,חפץ_חיים
5422,חפץ_חיים
5423,חפץ_חיים
5424,חפץ_חיים
5425,חפץ_חיים
5426,חפץ_חיים
5427,חפץ_חיים
5428,חפץ_חיים
5429,חפץ_חיים
5430,חפץ_חיים
5431,חפץ_חיים
5432,חפץ_חיים
5433,חפץ_חיים
5434,חפץ_חיים
5435,חפץ_חיים
5436,חפץ_חיים
5437,חפץ_חיים
5438,חפץ_חיים
5439,חפץ_חיים
5440,חפץ_חיים
5441,חפץ_חיים
5442,חפץ_חיים
5443,חפץ_חיים
5444,חפץ_חיים
5445,חפץ_חיים
5446,חפץ_חיים
5447,חפץ_חיים
5448,חפץ_חיים
5449,חפץ_חיים
5450,חפץ_חיים
5451,חפץ_חיים
5452,חפץ_חיים
5453,חפץ_חיים
5454,חפץ_חיים
5455,חפץ_חיים
5456,חפץ_חיים
5457,חפץ_חיים
5458,חפץ_חיים
5459,חפץ_חיים
5460,חפץ_חיים
5461,חפץ_חיים
5462,חפץ_חיים
5463,חפץ_חיים
5464,חפץ_חיים
5465,חפץ_חיים
5466,חפץ_חיים
5467,חפץ_חיים
5468,חפץ_חיים
5469,חפץ_חיים
5470,חפץ_חיים
5471,חפץ_חיים
5472,חפץ_חיים
5473,חפץ_חיים
5474,חפץ_חיים
5475,חפץ_חיים
5476,חפץ_חיים
5477,חפץ_חיים
5478,חפץ_חיים
5479,חפץ_חיים
5480,חפץ_חיים
5481,חפץ_חיים
5482,חפץ_חיים
5483,חפץ_חיים
5484,חפץ_חיים
5485,חפץ_חיים
5486,חפץ_חיים
5487,חפץ_חיים
5488,חפץ_חיים
5489,חפץ_חיים
5490,חפץ_חיים
5491,חפץ_חיים
5492,חפץ_חיים
5493,חפץ_חיים
5494,חפץ_חיים
5495,חפץ_חיים
5496,חפץ_חיים
5497,חפץ_חיים
5498,חפץ_חיים
5499,חפץ_חיים
5500,חפץ_חיים
6001,אחר
6002,אחר
6003,אחר
6004,אחר
6005,אחר
6006,אחר
6007,אחר
6008,אחר
6009,אחר
6010,אחר
6011,אחר
6012,אחר
6013,אחר
6014,אחר
6015,אחר
6016,אחר
6017,אחר
6018,אחר
6019,אחר
6020,אחר
6021,אחר
6022,אחר
6023,אחר
6024,אחר
6025,אחר
6026,אחר
6027,אחר
6028,אחר
6029,אחר
6030,אחר
6031,אחר
6032,אחר
6033,אחר
6034,אחר
6035,אחר
6036,אחר
6037,אחר
6038,אחר
6039,אחר
6040,אחר
6041,אחר
6042,אחר
6043,אחר
6044,אחר
6045,אחר
6046,אחר
6047,אחר
6048,אחר
6049,אחר
6050,אחר
6051,אחר
6052,אחר
6053,אחר
6054,אחר
6055,אחר
6056,אחר
6057,אחר
6058,אחר
6059,אחר
6060,אחר
6061,אחר
6062,אחר
6063,אחר
6064,אחר
6065,אחר
6066,אחר
6067,אחר
6068,אחר
6069,אחר
6070,אחר
6071,אחר
6072,אחר
6073,אחר
6074,אחר
6075,אחר
6076,אחר
6077,אחר
6078,אחר
6079,אחר
6080,אחר
6081,אחר
6082,אחר
6083,אחר
6084,אחר
6085,אחר
6086,אחר
6087,אחר
6088,אחר
6089,אחר
6090,אחר
6091,אחר
6092,אחר
6093,אחר
6094,אחר
6095,אחר
6096,אחר
6097,אחר
6098,אחר
6099,אחר
6100,אחר
6101,אחר
6102,אחר
6103,אחר
6104,אחר
6105,אחר
6106,אחר
6107,אחר
6108,אחר
6109,אחר
6110,אחר
6111,אחר
6112,אחר
6113,אחר
6114,אחר
6115,אחר
6116,אחר
6117,אחר
6118,אחר
6119,אחר
6120,אחר
6121,אחר
6122,אחר
6123,אחר
6124,אחר
6125,אחר
6126,אחר
6127,אחר
6128,אחר
6129,אחר
6130,אחר
6131,אחר
6132,אחר
6133,אחר
6134,אחר
6135,אחר
6136,אחר
6137,אחר
6138,אחר
6139,אחר
6140,אחר
6141,אחר
6142,אחר
6143,אחר
6144,אחר
6145,אחר
6146,אחר
6147,אחר
6148,אחר
6149,אחר
6150,אחר
6151,אחר
6152,אחר
6153,אחר
6154,אחר
6155,אחר
6156,אחר
6157,אחר
6158,אחר
6159,אחר
6160,אחר
6161,אחר
6162,אחר
6163,אחר
6164,אחר
6165,אחר
6166,אחר
6167,אחר
6168,אחר
6169,אחר
6170,אחר
6171,אחר
6172,אחר
6173,אחר
6174,אחר
6175,אחר
6176,אחר
6177,אחר
6178,אחר
6179,אחר
6180,אחר
6181,אחר
6182,אחר
6183,אחר
6184,אחר
6185,אחר
6186,אחר
6187,אחר
6188,אחר
6189,אחר
6190,אחר
6191,אחר
6192,אחר
6193,אחר
6194,אחר
6195,אחר
6196,אחר
6197,אחר
6198,אחר
6199,אחר
6200,אחר
6201,אחר
6202,אחר
6203,אחר
6204,אחר
6205,אחר
6206,אחר
6207,אחר
6208,אחר
6209,אחר
6210,אחר
6211,אחר
6212,אחר
6213,אחר
6214,אחר
6215,אחר
6216,אחר
6217,אחר
6218,אחר
6219,אחר
6220,אחר
6221,אחר
6222,אחר
6223,אחר
6224,אחר
6225,אחר
6226,אחר
6227,אחר
6228,אחר
6229,אחר
6230,אחר
6231,אחר
6232,אחר
6233,אחר
6234,אחר
6235,אחר
6236,אחר
6237,אחר
6238,אחר
6239,אחר
6240,אחר
6241,אחר
6242,אחר
6243,אחר
6244,אחר
6245,אחר
6246,אחר
6247,אחר
6248,אחר
6249,אחר
6250,אחר
6251,אחר
6252,אחר
6253,אחר
6254,אחר
6255,אחר
6256,אחר
6257,אחר
6258,אחר
6259,אחר
6260,אחר
6261,אחר
6262,אחר
6263,אחר
6264,אחר
6265,אחר
6266,אחר
6267,אחר
6268,אחר
6269,אחר
6270,אחר
6271,אחר
6272,אחר
6273,אחר
6274,אחר
6275,אחר
6276,אחר
6277,אחר
6278,אחר
6279,אחר
6280,אחר
6281,אחר
6282,אחר
6283,אחר
6284,אחר
6285,אחר
6286,אחר
6287,אחר
6288,אחר
6289,אחר
6290,אחר
6291,אחר
6292,אחר
6293,אחר
6294,אחר
6295,אחר
6296,אחר
6297,אחר
6298,אחר
6299,אחר
6300,אחר
6301,אחר
6302,אחר
6303,אחר
6304,אחר
6305,אחר
6306,אחר
6307,אחר
6308,אחר
6309,אחר
6310,אחר
6311,אחר
6312,אחר
6313,אחר
6314,אחר
6315,אחר
6316,אחר
6317,אחר
6318,אחר
6319,אחר
6320,אחר
6321,אחר
6322,אחר
6323,אחר
6324,אחר
6325,אחר
6326,אחר
6327,אחר
6328,אחר
6329,אחר
6330,אחר
6331,אחר
6332,אחר
6333,אחר
6334,אחר
6335,אחר
6336,אחר
6337,אחר
6338,אחר
6339,אחר
6340,אחר
6341,אחר
6342,אחר
6343,אחר
6344,אחר
6345,אחר
6346,אחר
6347,אחר
6348,אחר
6349,אחר
6350,אחר
6351,אחר
6352,אחר
6353,אחר
6354,אחר
6355,אחר
6356,אחר
6357,אחר
6358,אחר
6359,אחר
6360,אחר
6361,אחר
6362,אחר
6363,אחר
6364,אחר
6365,אחר
6366,אחר
6367,אחר
6368,אחר
6369,אחר
6370,אחר
6371,אחר
6372,אחר
6373,אחר
6374,אחר
6375,אחר
6376,אחר
6377,אחר
6378,אחר
6379,אחר
6380,אחר
6381,אחר
6382,אחר
6383,אחר
6384,אחר
6385,אחר
6386,אחר
6387,אחר
6388,אחר
6389,אחר
6390,אחר
6391,אחר
6392,אחר
6393,אחר
6394,אחר
6395,אחר
6396,אחר
6397,אחר
6398,אחר
6399,אחר
6400,אחר
6401,אחר
6402,אחר
6403,אחר
6404,אחר
6405,אחר
6406,אחר
6407,אחר
6408,אחר
6409,אחר
6410,אחר
6411,אחר
6412,אחר
6413,אחר
6414,אחר
6415,אחר
6416,אחר
6417,אחר
6418,אחר
6419,אחר
6420,אחר
6421,אחר
6422,אחר
6423,אחר
6424,אחר
6425,אחר
6426,אחר
6427,אחר
6428,אחר
6429,אחר
6430,אחר
6431,אחר
6432,אחר
6433,אחר
6434,אחר
6435,אחר
6436,אחר
6437,אחר
6438,אחר
6439,אחר
6440,אחר
6441,אחר
6442,אחר
6443,אחר
6444,אחר
6445,אחר
6446,אחר
6447,אחר
6448,אחר
6449,אחר
6450,אחר
6451,אחר
6452,אחר
6453,אחר
6454,אחר
6455,אחר
6456,אחר
6457,אחר
6458,אחר
6459,אחר
6460,אחר
6461,אחר
6462,אחר
6463,אחר
6464,אחר
6465,אחר
6466,אחר
6467,אחר
6468,אחר
6469,אחר
6470,אחר
6471,אחר
6472,אחר
6473,אחר
6474,אחר
6475,אחר
6476,אחר
6477,אחר
6478,אחר
6479,אחר
6480,אחר
6481,אחר
6482,אחר
6483,אחר
6484,אחר
6485,אחר
6486,אחר
6487,אחר
6488,אחר
6489,אחר
6490,אחר
6491,אחר
6492,אחר
6493,אחר
6494,אחר
6495,אחר
6496,אחר
6497,אחר
6498,אחר
6499,אחר
6500,אחר